year,loc,loccode,lat,lon
1980,"Altus, OK",16,34.6378,-99.334
1981,"Altus, OK",16,34.6378,-99.334
1982,"Altus, OK",16,34.6378,-99.334
1983,"Altus, OK",16,34.6378,-99.334
1984,"Altus, OK",16,34.6378,-99.334
1985,"Altus, OK",16,34.6378,-99.334
1986,"Altus, OK",16,34.6378,-99.334
1987,"Altus, OK",16,34.6378,-99.334
1988,"Altus, OK",16,34.6378,-99.334
1990,"Altus, OK",16,34.6378,-99.334
1993,"Altus, OK",16,34.6378,-99.334
1994,"Altus, OK",16,34.6378,-99.334
1996,"Altus, OK",16,34.6378,-99.334
1997,"Altus, OK",16,34.6378,-99.334
1998,"Altus, OK",16,34.6378,-99.334
1999,"Altus, OK",16,34.6378,-99.334
2000,"Altus, OK",16,34.6378,-99.334
2001,"Altus, OK",16,34.6378,-99.334
2002,"Altus, OK",16,34.6378,-99.334
2003,"Altus, OK",16,34.6378,-99.334
2004,"Altus, OK",16,34.6378,-99.334
2005,"Altus, OK",16,34.6378,-99.334
2006,"Altus, OK",16,34.6378,-99.334
2007,"Altus, OK",16,34.6378,-99.334
2008,"Altus, OK",16,34.6378,-99.334
2009,"Altus, OK",16,34.6378,-99.334
2014,"Altus, OK",16,34.6378,-99.334
2016,"Altus, OK",16,34.6378,-99.334
2017,"Altus, OK",16,34.6378,-99.334
2018,"Altus, OK",16,34.6378,-99.334
1980,"Ames Plantation, TN",167,35.1151,-89.2157
1981,"Ames Plantation, TN",167,35.1151,-89.2157
1983,"Anthony, NM",183,32.004,-106.6058
1984,"Anthony, NM",183,32.004,-106.6058
1980,"Artesia, NM",40,32.8423,-104.4033
1981,"Artesia, NM",40,32.8423,-104.4033
1983,"Artesia, NM",40,32.8423,-104.4033
1984,"Artesia, NM",40,32.8423,-104.4033
1985,"Artesia, NM",40,32.8423,-104.4033
1986,"Artesia, NM",40,32.8423,-104.4033
1987,"Artesia, NM",40,32.8423,-104.4033
1988,"Artesia, NM",40,32.8423,-104.4033
1989,"Artesia, NM",40,32.8423,-104.4033
1990,"Artesia, NM",40,32.8423,-104.4033
1991,"Artesia, NM",40,32.8423,-104.4033
1992,"Artesia, NM",40,32.8423,-104.4033
1993,"Artesia, NM",40,32.8423,-104.4033
1994,"Artesia, NM",40,32.8423,-104.4033
1995,"Artesia, NM",40,32.8423,-104.4033
1996,"Artesia, NM",40,32.8423,-104.4033
1997,"Artesia, NM",40,32.8423,-104.4033
1998,"Artesia, NM",40,32.8423,-104.4033
1999,"Artesia, NM",40,32.8423,-104.4033
2000,"Artesia, NM",40,32.8423,-104.4033
2001,"Artesia, NM",40,32.8423,-104.4033
1980,"Auburn, AL",33,32.6099,-85.4808
1981,"Auburn, AL",33,32.6099,-85.4808
1983,"Auburn, AL",33,32.6099,-85.4808
1984,"Auburn, AL",33,32.6099,-85.4808
1985,"Auburn, AL",33,32.6099,-85.4808
1986,"Auburn, AL",33,32.6099,-85.4808
1987,"Auburn, AL",33,32.6099,-85.4808
1989,"Auburn, AL",33,32.6099,-85.4808
1990,"Auburn, AL",33,32.6099,-85.4808
1991,"Auburn, AL",33,32.6099,-85.4808
1992,"Auburn, AL",33,32.6099,-85.4808
1993,"Auburn, AL",33,32.6099,-85.4808
1994,"Auburn, AL",33,32.6099,-85.4808
1995,"Auburn, AL",33,32.6099,-85.4808
1996,"Auburn, AL",33,32.6099,-85.4808
1997,"Auburn, AL",33,32.6099,-85.4808
1998,"Auburn, AL",33,32.6099,-85.4808
1999,"Auburn, AL",33,32.6099,-85.4808
2000,"Auburn, AL",33,32.6099,-85.4808
2001,"Auburn, AL",33,32.6099,-85.4808
2002,"Auburn, AL",33,32.6099,-85.4808
2003,"Auburn, AL",33,32.6099,-85.4808
2004,"Auburn, AL",33,32.6099,-85.4808
2005,"Auburn, AL",33,32.6099,-85.4808
2006,"Auburn, AL",33,32.6099,-85.4808
2007,"Auburn, AL",33,32.6099,-85.4808
2008,"Auburn, AL",33,32.6099,-85.4808
2009,"Auburn, AL",33,32.6099,-85.4808
2010,"Auburn, AL",33,32.6099,-85.4808
2011,"Auburn, AL",33,32.6099,-85.4808
2012,"Auburn, AL",33,32.6099,-85.4808
1980,"Beeville, TX",72,28.4008,-97.7483
1982,"Beeville, TX",72,28.4008,-97.7483
1983,"Beeville, TX",72,28.4008,-97.7483
1984,"Beeville, TX",72,28.4008,-97.7483
1985,"Beeville, TX",72,28.4008,-97.7483
1986,"Beeville, TX",72,28.4008,-97.7483
1987,"Beeville, TX",72,28.4008,-97.7483
1988,"Beeville, TX",72,28.4008,-97.7483
1989,"Beeville, TX",72,28.4008,-97.7483
1990,"Beeville, TX",72,28.4008,-97.7483
1991,"Beeville, TX",72,28.4008,-97.7483
1993,"Beeville, TX",72,28.4008,-97.7483
1994,"Beeville, TX",72,28.4008,-97.7483
1995,"Beeville, TX",72,28.4008,-97.7483
1996,"Beeville, TX",72,28.4008,-97.7483
1998,"Beeville, TX",72,28.4008,-97.7483
1998,"Beeville, TX",20,28.4008,-97.7483
1999,"Beeville, TX",72,28.4008,-97.7483
2000,"Beeville, TX",72,28.4008,-97.7483
2001,"Beeville, TX",72,28.4008,-97.7483
2002,"Beeville, TX",72,28.4008,-97.7483
2003,"Beeville, TX",72,28.4008,-97.7483
2004,"Beeville, TX",72,28.4008,-97.7483
2005,"Beeville, TX",72,28.4008,-97.7483
2006,"Beeville, TX",72,28.4008,-97.7483
2007,"Beeville, TX",72,28.4008,-97.7483
2008,"Beeville, TX",72,28.4008,-97.7483
2009,"Beeville, TX",72,28.4008,-97.7483
2010,"Beeville, TX",19,28.4008,-97.7483
2010,"Beeville, TX",72,28.4008,-97.7483
2011,"Beeville, TX",72,28.4008,-97.7483
2012,"Beeville, TX",72,28.4008,-97.7483
2013,"Beeville, TX",72,28.4008,-97.7483
2014,"Beeville, TX",72,28.4008,-97.7483
2015,"Beeville, TX",72,28.4008,-97.7483
1980,"Belle Mina, AL",87,34.6568,-86.8792
1981,"Belle Mina, AL",87,34.6568,-86.8792
1982,"Belle Mina, AL",87,34.6568,-86.8792
1983,"Belle Mina, AL",87,34.6568,-86.8792
1984,"Belle Mina, AL",87,34.6568,-86.8792
1985,"Belle Mina, AL",87,34.6568,-86.8792
1986,"Belle Mina, AL",87,34.6568,-86.8792
1987,"Belle Mina, AL",87,34.6568,-86.8792
1988,"Belle Mina, AL",87,34.6568,-86.8792
1989,"Belle Mina, AL",87,34.6568,-86.8792
1990,"Belle Mina, AL",87,34.6568,-86.8792
1991,"Belle Mina, AL",87,34.6568,-86.8792
1992,"Belle Mina, AL",87,34.6568,-86.8792
1993,"Belle Mina, AL",87,34.6568,-86.8792
1994,"Belle Mina, AL",87,34.6568,-86.8792
1995,"Belle Mina, AL",87,34.6568,-86.8792
1996,"Belle Mina, AL",87,34.6568,-86.8792
1997,"Belle Mina, AL",87,34.6568,-86.8792
1998,"Belle Mina, AL",87,34.6568,-86.8792
1999,"Belle Mina, AL",87,34.6568,-86.8792
2000,"Belle Mina, AL",87,34.6568,-86.8792
2001,"Belle Mina, AL",87,34.6568,-86.8792
2002,"Belle Mina, AL",87,34.6568,-86.8792
2003,"Belle Mina, AL",87,34.6568,-86.8792
2004,"Belle Mina, AL",87,34.6568,-86.8792
2005,"Belle Mina, AL",87,34.6568,-86.8792
2006,"Belle Mina, AL",87,34.6568,-86.8792
2007,"Belle Mina, AL",87,34.6568,-86.8792
2008,"Belle Mina, AL",87,34.6568,-86.8792
2009,"Belle Mina, AL",87,34.6568,-86.8792
2010,"Belle Mina, AL",87,34.6568,-86.8792
2011,"Belle Mina, AL",87,34.6568,-86.8792
2012,"Belle Mina, AL",87,34.6568,-86.8792
2017,"Belle Mina, AL",87,34.6568,-86.8792
2018,"Belle Mina, AL",87,34.6568,-86.8792
1980,"Bossier City, LA",23,32.516,-93.7321
1981,"Bossier City, LA",23,32.516,-93.7321
1982,"Bossier City, LA",23,32.516,-93.7321
1983,"Bossier City, LA",23,32.516,-93.7321
1984,"Bossier City, LA",23,32.516,-93.7321
1985,"Bossier City, LA",23,32.516,-93.7321
1986,"Bossier City, LA",23,32.516,-93.7321
1987,"Bossier City, LA",23,32.516,-93.7321
1988,"Bossier City, LA",23,32.516,-93.7321
1989,"Bossier City, LA",23,32.516,-93.7321
1990,"Bossier City, LA",23,32.516,-93.7321
1991,"Bossier City, LA",23,32.516,-93.7321
1992,"Bossier City, LA",23,32.516,-93.7321
1993,"Bossier City, LA",23,32.516,-93.7321
1994,"Bossier City, LA",23,32.516,-93.7321
1995,"Bossier City, LA",23,32.516,-93.7321
1996,"Bossier City, LA",23,32.516,-93.7321
1997,"Bossier City, LA",23,32.516,-93.7321
1998,"Bossier City, LA",23,32.516,-93.7321
1999,"Bossier City, LA",23,32.516,-93.7321
2000,"Bossier City, LA",23,32.516,-93.7321
2001,"Bossier City, LA",23,32.516,-93.7321
2002,"Bossier City, LA",23,32.516,-93.7321
2003,"Bossier City, LA",23,32.516,-93.7321
2004,"Bossier City, LA",23,32.516,-93.7321
2005,"Bossier City, LA",23,32.516,-93.7321
2007,"Bossier City, LA",23,32.516,-93.7321
2008,"Bossier City, LA",23,32.516,-93.7321
2009,"Bossier City, LA",23,32.516,-93.7321
2010,"Bossier City, LA",23,32.516,-93.7321
2011,"Bossier City, LA",23,32.516,-93.7321
1985,"Chamberino, NM",186,32.0368,-106.6842
1980,"Chickasha, OK",41,35.0526,-97.9364
1981,"Chickasha, OK",41,35.0526,-97.9364
1981,"Chickasha, OK",38,35.0526,-97.9364
1982,"Chickasha, OK",38,35.0526,-97.9364
1983,"Chickasha, OK",38,35.0526,-97.9364
1984,"Chickasha, OK",38,35.0526,-97.9364
1985,"Chickasha, OK",38,35.0526,-97.9364
1986,"Chickasha, OK",38,35.0526,-97.9364
1987,"Chickasha, OK",38,35.0526,-97.9364
1988,"Chickasha, OK",38,35.0526,-97.9364
1989,"Chickasha, OK",38,35.0526,-97.9364
1989,"Chickasha, OK",41,35.0526,-97.9364
1990,"Chickasha, OK",38,35.0526,-97.9364
1992,"Chickasha, OK",41,35.0526,-97.9364
1993,"Chickasha, OK",38,35.0526,-97.9364
1994,"Chickasha, OK",38,35.0526,-97.9364
1995,"Chickasha, OK",38,35.0526,-97.9364
1995,"Chickasha, OK",41,35.0526,-97.9364
1999,"Chickasha, OK",38,35.0526,-97.9364
1999,"Chickasha, OK",41,35.0526,-97.9364
2000,"Chickasha, OK",38,35.0526,-97.9364
2000,"Chickasha, OK",41,35.0526,-97.9364
2001,"Chickasha, OK",38,35.0526,-97.9364
2001,"Chickasha, OK",41,35.0526,-97.9364
2002,"Chickasha, OK",38,35.0526,-97.9364
2002,"Chickasha, OK",41,35.0526,-97.9364
2003,"Chickasha, OK",38,35.0526,-97.9364
2003,"Chickasha, OK",41,35.0526,-97.9364
2004,"Chickasha, OK",38,35.0526,-97.9364
2004,"Chickasha, OK",41,35.0526,-97.9364
2005,"Chickasha, OK",38,35.0526,-97.9364
2005,"Chickasha, OK",41,35.0526,-97.9364
2007,"Chickasha, OK",38,35.0526,-97.9364
2008,"Chickasha, OK",38,35.0526,-97.9364
2009,"Chickasha, OK",38,35.0526,-97.9364
1981,"Chillicothe, TX",15,34.2565,-99.5168
1983,"Chillicothe, TX",15,34.2565,-99.5168
1984,"Chillicothe, TX",52,34.2565,-99.5168
1998,"Chillicothe, TX",52,34.2565,-99.5168
1999,"Chillicothe, TX",52,34.2565,-99.5168
2000,"Chillicothe, TX",52,34.2565,-99.5168
2001,"Chillicothe, TX",52,34.2565,-99.5168
2002,"Chillicothe, TX",52,34.2565,-99.5168
2003,"Chillicothe, TX",52,34.2565,-99.5168
2014,"Chillicothe, TX",15,34.2565,-99.5168
2015,"Chillicothe, TX",15,34.2565,-99.5168
2017,"Chillicothe, TX",15,34.2565,-99.5168
2018,"Chillicothe, TX",15,34.2565,-99.5168
2019,"Chillicothe, TX",15,34.2565,-99.5168
2020,"Chillicothe, TX",15,34.2565,-99.5168
1980,"Clarkdale, LA",27,35.3092,-112.0579
1983,"Clarkdale, LA",27,35.3092,-112.0579
1984,"Clarkdale, LA",27,35.3092,-112.0579
1985,"Clarkdale, LA",27,35.3092,-112.0579
1986,"Clarkdale, LA",27,35.3092,-112.0579
1987,"Clarkdale, LA",27,35.3092,-112.0579
1988,"Clarkdale, LA",27,35.3092,-112.0579
1989,"Clarkdale, LA",27,35.3092,-112.0579
1990,"Clarkdale, LA",27,35.3092,-112.0579
1991,"Clarkdale, LA",27,35.3092,-112.0579
1992,"Clarkdale, LA",27,35.3092,-112.0579
1993,"Clarkdale, LA",27,35.3092,-112.0579
1994,"Clarkdale, LA",27,35.3092,-112.0579
1995,"Clarkdale, LA",27,35.3092,-112.0579
1996,"Clarkdale, LA",27,35.3092,-112.0579
1997,"Clarkdale, LA",27,35.3092,-112.0579
1998,"Clarkdale, LA",27,35.3092,-112.0579
1999,"Clarkdale, LA",27,35.3092,-112.0579
2000,"Clarkdale, LA",27,35.3092,-112.0579
2001,"Clarkdale, LA",27,35.3092,-112.0579
2002,"Clarkdale, LA",27,35.3092,-112.0579
2003,"Clarkdale, LA",27,35.3092,-112.0579
2004,"Clarkdale, LA",27,35.3092,-112.0579
1980,"College Station, TX",19,30.628,-96.3344
1981,"College Station, TX",19,30.628,-96.3344
1982,"College Station, TX",19,30.628,-96.3344
1983,"College Station, TX",19,30.628,-96.3344
1984,"College Station, TX",19,30.628,-96.3344
1985,"College Station, TX",19,30.628,-96.3344
1986,"College Station, TX",19,30.628,-96.3344
1987,"College Station, TX",19,30.628,-96.3344
1988,"College Station, TX",19,30.628,-96.3344
1989,"College Station, TX",19,30.628,-96.3344
1990,"College Station, TX",19,30.628,-96.3344
1991,"College Station, TX",19,30.628,-96.3344
1992,"College Station, TX",19,30.628,-96.3344
1993,"College Station, TX",19,30.628,-96.3344
1994,"College Station, TX",19,30.628,-96.3344
1995,"College Station, TX",19,30.628,-96.3344
1996,"College Station, TX",19,30.628,-96.3344
1997,"College Station, TX",19,30.628,-96.3344
1998,"College Station, TX",19,30.628,-96.3344
1999,"College Station, TX",19,30.628,-96.3344
2000,"College Station, TX",19,30.628,-96.3344
2001,"College Station, TX",19,30.628,-96.3344
2002,"College Station, TX",19,30.628,-96.3344
2003,"College Station, TX",19,30.628,-96.3344
2004,"College Station, TX",19,30.628,-96.3344
2005,"College Station, TX",19,30.628,-96.3344
2006,"College Station, TX",19,30.628,-96.3344
2007,"College Station, TX",19,30.628,-96.3344
2008,"College Station, TX",19,30.628,-96.3344
2009,"College Station, TX",19,30.628,-96.3344
2010,"College Station, TX",19,30.628,-96.3344
2011,"College Station, TX",19,30.628,-96.3344
2012,"College Station, TX",19,30.628,-96.3344
2013,"College Station, TX",19,30.628,-96.3344
2014,"College Station, TX",19,30.628,-96.3344
2015,"College Station, TX",19,30.628,-96.3344
2016,"College Station, TX",19,30.628,-96.3344
2017,"College Station, TX",19,30.628,-96.3344
2018,"College Station, TX",19,30.628,-96.3344
2019,"College Station, TX",19,30.628,-96.3344
2012,"Commerce, TX",194,33.2471,-95.9
2013,"Commerce, TX",194,33.2471,-95.9
2014,"Commerce, TX",194,33.2471,-95.9
2015,"Commerce, TX",194,33.2471,-95.9
2017,"Commerce, TX",194,33.2471,-95.9
2018,"Commerce, TX",194,33.2471,-95.9
2019,"Commerce, TX",194,33.2471,-95.9
1980,"Coolidge, AZ",74,32.9778,-111.5176
1981,"Coolidge, AZ",74,32.9778,-111.5176
2015,"Corcoran, CA",58,36.098,-119.5604
2016,"Corpus Christi, TX",195,27.8006,-97.3964
2017,"Corpus Christi, TX",195,27.8006,-97.3964
2018,"Corpus Christi, TX",195,27.8006,-97.3964
2019,"Corpus Christi, TX",195,27.8006,-97.3964
1981,"Dallas, TX",180,32.7767,-96.797
1982,"Dallas, TX",180,32.7767,-96.797
1983,"Dallas, TX",180,32.7767,-96.797
1984,"Dallas, TX",180,32.7767,-96.797
1985,"Dallas, TX",180,32.7767,-96.797
1986,"Dallas, TX",180,32.7767,-96.797
1987,"Dallas, TX",180,32.7767,-96.797
1988,"Dallas, TX",180,32.7767,-96.797
1989,"Dallas, TX",180,32.7767,-96.797
1990,"Dallas, TX",180,32.7767,-96.797
1991,"Dallas, TX",180,32.7767,-96.797
1992,"Dallas, TX",180,32.7767,-96.797
1993,"Dallas, TX",180,32.7767,-96.797
1994,"Dallas, TX",180,32.7767,-96.797
1995,"Dallas, TX",180,32.7767,-96.797
1996,"Dallas, TX",180,32.7767,-96.797
1997,"Dallas, TX",180,32.7767,-96.797
1998,"Dallas, TX",180,32.7767,-96.797
1999,"Dallas, TX",180,32.7767,-96.797
2000,"Dallas, TX",180,32.7767,-96.797
2001,"Dallas, TX",180,32.7767,-96.797
2002,"Dallas, TX",180,32.7767,-96.797
2003,"Dallas, TX",180,32.7767,-96.797
2004,"Dallas, TX",180,32.7767,-96.797
2005,"Dallas, TX",180,32.7767,-96.797
2006,"Dallas, TX",180,32.7767,-96.797
2007,"Dallas, TX",180,32.7767,-96.797
2008,"Dallas, TX",180,32.7767,-96.797
2009,"Dallas, TX",180,32.7767,-96.797
2010,"Dallas, TX",180,32.7767,-96.797
2011,"Dallas, TX",180,32.7767,-96.797
1980,"El Paso, TX",8,31.7619,-106.485
1980,"El Paso, TX",50,31.7619,-106.485
1981,"El Paso, TX",8,31.7619,-106.485
1981,"El Paso, TX",50,31.7619,-106.485
1982,"El Paso, TX",8,31.7619,-106.485
1983,"El Paso, TX",8,31.7619,-106.485
1983,"El Paso, TX",50,31.7619,-106.485
1984,"El Paso, TX",8,31.7619,-106.485
1984,"El Paso, TX",50,31.7619,-106.485
1985,"El Paso, TX",8,31.7619,-106.485
1985,"El Paso, TX",50,31.7619,-106.485
1986,"El Paso, TX",8,31.7619,-106.485
1986,"El Paso, TX",50,31.7619,-106.485
1987,"El Paso, TX",8,31.7619,-106.485
1987,"El Paso, TX",50,31.7619,-106.485
1988,"El Paso, TX",8,31.7619,-106.485
1988,"El Paso, TX",50,31.7619,-106.485
1989,"El Paso, TX",8,31.7619,-106.485
1989,"El Paso, TX",50,31.7619,-106.485
1990,"El Paso, TX",8,31.7619,-106.485
1991,"El Paso, TX",8,31.7619,-106.485
1991,"El Paso, TX",50,31.7619,-106.485
1992,"El Paso, TX",8,31.7619,-106.485
1992,"El Paso, TX",50,31.7619,-106.485
1993,"El Paso, TX",8,31.7619,-106.485
1993,"El Paso, TX",50,31.7619,-106.485
1994,"El Paso, TX",8,31.7619,-106.485
1995,"El Paso, TX",8,31.7619,-106.485
1996,"El Paso, TX",8,31.7619,-106.485
1997,"El Paso, TX",8,31.7619,-106.485
2001,"El Paso, TX",8,31.7619,-106.485
2002,"El Paso, TX",8,31.7619,-106.485
2003,"El Paso, TX",8,31.7619,-106.485
2004,"El Paso, TX",8,31.7619,-106.485
1980,"Fabens, TX",78,31.5023,-106.1586
1981,"Fabens, TX",78,31.5023,-106.1586
2012,"Five Points, CA",108,36.4296,-120.1031
2013,"Five Points, CA",108,36.4296,-120.1031
2014,"Five Points, CA",108,36.4296,-120.1031
2016,"Five Points, CA",108,36.4296,-120.1031
2017,"Five Points, CA",108,36.4296,-120.1031
2018,"Five Points, CA",108,36.4296,-120.1031
2019,"Five Points, CA",108,36.4296,-120.1031
1980,"Florence, SC",36,34.1954,-79.7626
1981,"Florence, SC",36,34.1954,-79.7626
1982,"Florence, SC",36,34.1954,-79.7626
1983,"Florence, SC",36,34.1954,-79.7626
1984,"Florence, SC",36,34.1954,-79.7626
1985,"Florence, SC",36,34.1954,-79.7626
1986,"Florence, SC",36,34.1954,-79.7626
1987,"Florence, SC",36,34.1954,-79.7626
1988,"Florence, SC",36,34.1954,-79.7626
1989,"Florence, SC",36,34.1954,-79.7626
1990,"Florence, SC",36,34.1954,-79.7626
1991,"Florence, SC",36,34.1954,-79.7626
1992,"Florence, SC",36,34.1954,-79.7626
1993,"Florence, SC",36,34.1954,-79.7626
1994,"Florence, SC",36,34.1954,-79.7626
1995,"Florence, SC",36,34.1954,-79.7626
1996,"Florence, SC",36,34.1954,-79.7626
1997,"Florence, SC",36,34.1954,-79.7626
1998,"Florence, SC",36,34.1954,-79.7626
1999,"Florence, SC",36,34.1954,-79.7626
2000,"Florence, SC",36,34.1954,-79.7626
2001,"Florence, SC",36,34.1954,-79.7626
2002,"Florence, SC",36,34.1954,-79.7626
2004,"Florence, SC",36,34.1954,-79.7626
2005,"Florence, SC",36,34.1954,-79.7626
2006,"Florence, SC",36,34.1954,-79.7626
2007,"Florence, SC",36,34.1954,-79.7626
2008,"Florence, SC",36,34.1954,-79.7626
2009,"Florence, SC",36,34.1954,-79.7626
2010,"Florence, SC",36,34.1954,-79.7626
2011,"Florence, SC",36,34.1954,-79.7626
2012,"Florence, SC",36,34.1954,-79.7626
2013,"Florence, SC",36,34.1954,-79.7626
2014,"Florence, SC",36,34.1954,-79.7626
2015,"Florence, SC",36,34.1954,-79.7626
2016,"Florence, SC",36,34.1954,-79.7626
2017,"Florence, SC",36,34.1954,-79.7626
2018,"Florence, SC",36,34.1954,-79.7626
2019,"Florence, SC",36,34.1954,-79.7626
2012,"Fort Cobb, OK",193,35.0978,-98.4356
2013,"Fort Cobb, OK",193,35.0978,-98.4356
2014,"Fort Cobb, OK",193,35.0978,-98.4356
2000,"Fresno County, CA",3,36.9859,-119.2321
2006,"Griffin, GA",153,33.2468,-84.2641
2007,"Griffin, GA",153,33.2468,-84.2641
2008,"Griffin, GA",153,33.2468,-84.2641
2009,"Griffin, GA",153,33.2468,-84.2641
2010,"Griffin, GA",153,33.2468,-84.2641
2011,"Griffin, GA",153,33.2468,-84.2641
2012,"Griffin, GA",153,33.2468,-84.2641
2013,"Griffin, GA",153,33.2468,-84.2641
2014,"Griffin, GA",153,33.2468,-84.2641
2015,"Griffin, GA",153,33.2468,-84.2641
2016,"Griffin, GA",153,33.2468,-84.2641
2017,"Griffin, GA",153,33.2468,-84.2641
2018,"Griffin, GA",153,33.2468,-84.2641
1981,"Halfway, TX",13,34.1881,-101.9524
1982,"Halfway, TX",13,34.1881,-101.9524
1983,"Halfway, TX",13,34.1881,-101.9524
1984,"Halfway, TX",13,34.1881,-101.9524
1980,"Jackson, TN",30,35.6145,-88.8139
1981,"Jackson, TN",30,35.6145,-88.8139
1982,"Jackson, TN",30,35.6145,-88.8139
1983,"Jackson, TN",30,35.6145,-88.8139
1984,"Jackson, TN",30,35.6145,-88.8139
1985,"Jackson, TN",30,35.6145,-88.8139
1986,"Jackson, TN",30,35.6145,-88.8139
1987,"Jackson, TN",30,35.6145,-88.8139
1988,"Jackson, TN",30,35.6145,-88.8139
1989,"Jackson, TN",30,35.6145,-88.8139
1990,"Jackson, TN",30,35.6145,-88.8139
1991,"Jackson, TN",30,35.6145,-88.8139
1992,"Jackson, TN",30,35.6145,-88.8139
1993,"Jackson, TN",30,35.6145,-88.8139
2005,"Jackson, TN",30,35.6145,-88.8139
2006,"Jackson, TN",30,35.6145,-88.8139
2008,"Jackson, TN",30,35.6145,-88.8139
2009,"Jackson, TN",30,35.6145,-88.8139
2015,"Jackson, TN",30,35.6145,-88.8139
2016,"Jackson, TN",30,35.6145,-88.8139
2017,"Jackson, TN",30,35.6145,-88.8139
2018,"Jackson, TN",30,35.6145,-88.8139
1992,"Keiser, AR",184,35.6749,-90.0985
1994,"Keiser, AR",184,35.6749,-90.0985
1995,"Keiser, AR",184,35.6749,-90.0985
1996,"Keiser, AR",184,35.6749,-90.0985
1997,"Keiser, AR",184,35.6749,-90.0985
1998,"Keiser, AR",184,35.6749,-90.0985
1999,"Keiser, AR",184,35.6749,-90.0985
2000,"Keiser, AR",184,35.6749,-90.0985
2001,"Keiser, AR",184,35.6749,-90.0985
2002,"Keiser, AR",184,35.6749,-90.0985
2003,"Keiser, AR",184,35.6749,-90.0985
2004,"Keiser, AR",184,35.6749,-90.0985
2005,"Keiser, AR",184,35.6749,-90.0985
2006,"Keiser, AR",184,35.6749,-90.0985
2007,"Keiser, AR",184,35.6749,-90.0985
2008,"Keiser, AR",184,35.6749,-90.0985
2009,"Keiser, AR",184,35.6749,-90.0985
2010,"Keiser, AR",184,35.6749,-90.0985
2011,"Keiser, AR",184,35.6749,-90.0985
2012,"Keiser, AR",184,35.6749,-90.0985
2013,"Keiser, AR",184,35.6749,-90.0985
2014,"Keiser, AR",184,35.6749,-90.0985
2015,"Keiser, AR",184,35.6749,-90.0985
2016,"Keiser, AR",184,35.6749,-90.0985
2017,"Keiser, AR",184,35.6749,-90.0985
2018,"Keiser, AR",184,35.6749,-90.0985
2019,"Keiser, AR",184,35.6749,-90.0985
1999,"Kern, CA",80,35.3935,-119.0437
2000,"Kern, CA",80,35.3935,-119.0437
2000,"Kings County, CA",2,36.0988,-119.8815
2005,"Knoxville, TN",63,35.9606,-83.9207
1990,"La Mesa, NM",77,32.7376,-106.7079
1991,"La Mesa, NM",77,32.7376,-106.7079
1980,"Lamesa, TX",163,32.7376,-101.951
1981,"Lamesa, TX",163,32.7376,-101.951
1982,"Lamesa, TX",163,32.7376,-101.951
1984,"Lamesa, TX",163,32.7376,-101.951
1985,"Lamesa, TX",163,32.7376,-101.951
1986,"Lamesa, TX",163,32.7376,-101.951
1987,"Lamesa, TX",163,32.7376,-101.951
1988,"Lamesa, TX",163,32.7376,-101.951
1989,"Lamesa, TX",163,32.7376,-101.951
1990,"Lamesa, TX",163,32.7376,-101.951
1991,"Lamesa, TX",163,32.7376,-101.951
1993,"Lamesa, TX",163,32.7376,-101.951
1994,"Lamesa, TX",163,32.7376,-101.951
1995,"Lamesa, TX",163,32.7376,-101.951
1997,"Lamesa, TX",163,32.7376,-101.951
1998,"Lamesa, TX",163,32.7376,-101.951
1999,"Lamesa, TX",163,32.7376,-101.951
2000,"Lamesa, TX",163,32.7376,-101.951
2001,"Lamesa, TX",163,32.7376,-101.951
2002,"Lamesa, TX",163,32.7376,-101.951
2003,"Lamesa, TX",163,32.7376,-101.951
2004,"Lamesa, TX",163,32.7376,-101.951
2006,"Lamesa, TX",163,32.7376,-101.951
2007,"Lamesa, TX",163,32.7376,-101.951
2008,"Lamesa, TX",163,32.7376,-101.951
2009,"Lamesa, TX",163,32.7376,-101.951
2010,"Lamesa, TX",163,32.7376,-101.951
2011,"Lamesa, TX",163,32.7376,-101.951
2012,"Lamesa, TX",163,32.7376,-101.951
2013,"Lamesa, TX",163,32.7376,-101.951
2014,"Lamesa, TX",163,32.7376,-101.951
2015,"Lamesa, TX",163,32.7376,-101.951
2016,"Lamesa, TX",163,32.7376,-101.951
2017,"Lamesa, TX",163,32.7376,-101.951
2018,"Lamesa, TX",163,32.7376,-101.951
2019,"Lamesa, TX",163,32.7376,-101.951
2020,"Lamesa, TX",163,32.7376,-101.951
1996,"Las Cruces, NM",155,32.3199,-106.7637
1997,"Las Cruces, NM",155,32.3199,-106.7637
1998,"Las Cruces, NM",155,32.3199,-106.7637
1999,"Las Cruces, NM",155,32.3199,-106.7637
2000,"Las Cruces, NM",155,32.3199,-106.7637
2001,"Las Cruces, NM",155,32.3199,-106.7637
2005,"Las Cruces, NM",155,32.3199,-106.7637
2006,"Las Cruces, NM",155,32.3199,-106.7637
2007,"Las Cruces, NM",155,32.3199,-106.7637
2008,"Las Cruces, NM",155,32.3199,-106.7637
2009,"Las Cruces, NM",155,32.3199,-106.7637
2010,"Las Cruces, NM",155,32.3199,-106.7637
2011,"Las Cruces, NM",155,32.3199,-106.7637
2012,"Las Cruces, NM",155,32.3199,-106.7637
2013,"Las Cruces, NM",155,32.3199,-106.7637
2014,"Las Cruces, NM",155,32.3199,-106.7637
2015,"Las Cruces, NM",155,32.3199,-106.7637
2016,"Las Cruces, NM",155,32.3199,-106.7637
2018,"Las Cruces, NM",155,32.3199,-106.7637
2019,"Las Cruces, NM",155,32.3199,-106.7637
2008,"Lemoore, CA",112,36.3008,-119.7829
2010,"Lemoore, CA",112,36.3008,-119.7829
2011,"Lemoore, CA",112,36.3008,-119.7829
2012,"Lemoore, CA",112,33.5846,-101.8456
2014,"Lemoore, CA",112,33.5846,-101.8456
1998,"Logandale, NV",10,36.5966406,-114.4841487
1980,"Lubbock, TX",12,33.5846,-101.8456
1981,"Lubbock, TX",12,33.5846,-101.8456
1982,"Lubbock, TX",12,33.5846,-101.8456
1983,"Lubbock, TX",12,33.5846,-101.8456
1984,"Lubbock, TX",12,33.5846,-101.8456
1985,"Lubbock, TX",12,33.5846,-101.8456
1986,"Lubbock, TX",12,33.5846,-101.8456
1987,"Lubbock, TX",12,33.5846,-101.8456
1988,"Lubbock, TX",12,33.5846,-101.8456
1989,"Lubbock, TX",12,33.5846,-101.8456
1990,"Lubbock, TX",12,33.5846,-101.8456
1991,"Lubbock, TX",12,33.5846,-101.8456
1992,"Lubbock, TX",12,33.5846,-101.8456
1993,"Lubbock, TX",12,33.5846,-101.8456
1994,"Lubbock, TX",12,33.5846,-101.8456
1995,"Lubbock, TX",12,33.5846,-101.8456
1996,"Lubbock, TX",12,33.5846,-101.8456
1997,"Lubbock, TX",12,33.5846,-101.8456
1998,"Lubbock, TX",12,33.5846,-101.8456
1999,"Lubbock, TX",12,33.5846,-101.8456
2000,"Lubbock, TX",12,33.5846,-101.8456
2001,"Lubbock, TX",12,33.5846,-101.8456
2002,"Lubbock, TX",12,33.5846,-101.8456
2003,"Lubbock, TX",12,33.5846,-101.8456
2003,"Lubbock, TX",11,33.5846,-101.8456
2004,"Lubbock, TX",12,33.5846,-101.8456
2005,"Lubbock, TX",12,33.5846,-101.8456
2006,"Lubbock, TX",12,33.5846,-101.8456
2007,"Lubbock, TX",12,33.5846,-101.8456
2008,"Lubbock, TX",12,33.5846,-101.8456
2009,"Lubbock, TX",12,33.5846,-101.8456
2010,"Lubbock, TX",12,33.5846,-101.8456
2011,"Lubbock, TX",12,33.5846,-101.8456
2012,"Lubbock, TX",12,33.5846,-101.8456
2013,"Lubbock, TX",12,33.5846,-101.8456
2014,"Lubbock, TX",12,33.5846,-101.8456
2015,"Lubbock, TX",12,33.5846,-101.8456
2016,"Lubbock, TX",12,33.5846,-101.8456
2017,"Lubbock, TX",12,33.5846,-101.8456
2018,"Lubbock, TX",12,33.5846,-101.8456
2019,"Lubbock, TX",12,33.5846,-101.8456
2020,"Lubbock, TX",12,33.5846,-101.8456
1980,"Mangum, OK",39,34.872,-99.5043
1981,"Mangum, OK",39,34.872,-99.5043
1980,"Marana, AZ",44,32.4364,-111.2224
1980,"Marana, AZ",172,32.4364,-111.2224
1981,"Marana, AZ",44,32.4364,-111.2224
1981,"Marana, AZ",172,32.4364,-111.2224
1982,"Marana, AZ",172,32.4364,-111.2224
1982,"Marana, AZ",5,32.4364,-111.2224
1984,"Marana, AZ",172,32.4364,-111.2224
1986,"Marana, AZ",44,32.4364,-111.2224
1986,"Marana, AZ",5,32.4364,-111.2224
1987,"Marana, AZ",44,32.4364,-111.2224
1987,"Marana, AZ",5,32.4364,-111.2224
1988,"Marana, AZ",44,32.4364,-111.2224
1988,"Marana, AZ",5,32.4364,-111.2224
1989,"Marana, AZ",44,32.4364,-111.2224
1989,"Marana, AZ",5,32.4364,-111.2224
1990,"Marana, AZ",44,32.4364,-111.2224
1991,"Marana, AZ",44,32.4364,-111.2224
1992,"Marana, AZ",44,32.4364,-111.2224
1993,"Marana, AZ",44,32.4364,-111.2224
1998,"Marana, AZ",44,32.4364,-111.2224
1999,"Marana, AZ",5,32.4364,-111.2224
1980,"Marianna, AR",64,34.7746,-90.7723
1980,"Maricopa, AZ",175,33.0581,-112.0476
1983,"Maricopa, AZ",181,33.0581,-112.0476
1984,"Maricopa, AZ",181,33.0581,-112.0476
1985,"Maricopa, AZ",181,33.0581,-112.0476
1986,"Maricopa, AZ",181,33.0581,-112.0476
1987,"Maricopa, AZ",181,33.0581,-112.0476
1988,"Maricopa, AZ",181,33.0581,-112.0476
1989,"Maricopa, AZ",181,33.0581,-112.0476
1990,"Maricopa, AZ",181,33.0581,-112.0476
1991,"Maricopa, AZ",181,33.0581,-112.0476
1992,"Maricopa, AZ",181,33.0581,-112.0476
1993,"Maricopa, AZ",181,33.0581,-112.0476
1994,"Maricopa, AZ",181,33.0581,-112.0476
1995,"Maricopa, AZ",181,33.0581,-112.0476
1996,"Maricopa, AZ",181,33.0581,-112.0476
1997,"Maricopa, AZ",61,33.0581,-112.0476
1997,"Maricopa, AZ",181,33.0581,-112.0476
1998,"Maricopa, AZ",61,33.0581,-112.0476
1998,"Maricopa, AZ",181,33.0581,-112.0476
1999,"Maricopa, AZ",61,33.0581,-112.0476
1999,"Maricopa, AZ",181,33.0581,-112.0476
2000,"Maricopa, AZ",61,33.0581,-112.0476
2000,"Maricopa, AZ",181,33.0581,-112.0476
2001,"Maricopa, AZ",61,33.0581,-112.0476
2003,"Maricopa, AZ",61,33.0581,-112.0476
2004,"Maricopa, AZ",61,33.0581,-112.0476
2005,"Maricopa, AZ",61,33.0581,-112.0476
2006,"Maricopa, AZ",61,33.0581,-112.0476
2007,"Maricopa, AZ",61,33.0581,-112.0476
2010,"Maricopa, AZ",61,33.0581,-112.0476
2011,"Maricopa, AZ",61,33.0581,-112.0476
2017,"Maricopa, AZ",196,33.0581,-112.0476
2018,"Maricopa, AZ",196,33.0581,-112.0476
1981,"Midville, GA",130,32.819,-82.2348
1983,"Midville, GA",130,32.819,-82.2348
1984,"Midville, GA",130,32.819,-82.2348
1985,"Midville, GA",130,32.819,-82.2348
1986,"Midville, GA",130,32.819,-82.2348
1980,"Milan, TN",171,35.9198,-88.7589
1981,"Milan, TN",171,35.9198,-88.7589
1992,"Palmer, AK",192,61.5994,-149.1146
1980,"Pecos, TX",9,31.4229,-103.4932
1981,"Pecos, TX",9,31.4229,-103.4932
1982,"Pecos, TX",9,31.4229,-103.4932
1983,"Pecos, TX",9,31.4229,-103.4932
1984,"Pecos, TX",9,31.4229,-103.4932
1986,"Pecos, TX",9,31.4229,-103.4932
1987,"Pecos, TX",9,31.4229,-103.4932
1988,"Pecos, TX",9,31.4229,-103.4932
1989,"Pecos, TX",9,31.4229,-103.4932
1990,"Pecos, TX",9,31.4229,-103.4932
1991,"Pecos, TX",9,31.4229,-103.4932
1992,"Pecos, TX",9,31.4229,-103.4932
1993,"Pecos, TX",9,31.4229,-103.4932
1994,"Pecos, TX",9,31.4229,-103.4932
1995,"Pecos, TX",9,31.4229,-103.4932
1996,"Pecos, TX",9,31.4229,-103.4932
1997,"Pecos, TX",9,31.4229,-103.4932
1998,"Pecos, TX",9,31.4229,-103.4932
1999,"Pecos, TX",9,31.4229,-103.4932
2000,"Pecos, TX",9,31.4229,-103.4932
2001,"Pecos, TX",9,31.4229,-103.4932
2002,"Pecos, TX",9,31.4229,-103.4932
2003,"Pecos, TX",9,31.4229,-103.4932
2004,"Pecos, TX",9,31.4229,-103.4932
2005,"Pecos, TX",9,31.4229,-103.4932
2006,"Pecos, TX",9,31.4229,-103.4932
2007,"Pecos, TX",9,31.4229,-103.4932
2008,"Pecos, TX",9,31.4229,-103.4932
2009,"Pecos, TX",9,31.4229,-103.4932
2010,"Pecos, TX",9,31.4229,-103.4932
2011,"Pecos, TX",9,31.4229,-103.4932
2012,"Pecos, TX",9,31.4229,-103.4932
2013,"Pecos, TX",9,31.4229,-103.4932
2014,"Pecos, TX",9,36.4253,-89.6995
2015,"Pecos, TX",9,36.4253,-89.6995
1980,"Phoenix, AZ",43,33.4484,-112.074
1981,"Phoenix, AZ",43,33.4484,-112.074
1982,"Phoenix, AZ",43,33.4484,-112.074
1980,"Portageville, MO",75,36.4253,-89.6995
1981,"Portageville, MO",75,36.4253,-89.6995
1982,"Portageville, MO",75,36.4253,-89.6995
1983,"Portageville, MO",75,36.4253,-89.6995
1984,"Portageville, MO",75,36.4253,-89.6995
1985,"Portageville, MO",75,36.4253,-89.6995
1986,"Portageville, MO",75,36.4253,-89.6995
1987,"Portageville, MO",75,36.4253,-89.6995
1988,"Portageville, MO",75,36.4253,-89.6995
1989,"Portageville, MO",75,36.4253,-89.6995
1990,"Portageville, MO",75,36.4253,-89.6995
1991,"Portageville, MO",75,36.4253,-89.6995
1992,"Portageville, MO",75,36.4253,-89.6995
1993,"Portageville, MO",75,36.4253,-89.6995
1994,"Portageville, MO",75,36.4253,-89.6995
1996,"Portageville, MO",75,36.4253,-89.6995
1997,"Portageville, MO",75,36.4253,-89.6995
1998,"Portageville, MO",75,36.4253,-89.6995
2001,"Portageville, MO",75,36.4253,-89.6995
2004,"Portageville, MO",75,36.4253,-89.6995
2005,"Portageville, MO",75,36.4253,-89.6995
2006,"Portageville, MO",75,36.4253,-89.6995
2007,"Portageville, MO",75,36.4253,-89.6995
2008,"Portageville, MO",75,36.4253,-89.6995
2009,"Portageville, MO",75,36.4253,-89.6995
2010,"Portageville, MO",75,36.4253,-89.6995
2011,"Portageville, MO",75,36.4253,-89.6995
2012,"Portageville, MO",75,36.4253,-89.6995
2013,"Portageville, MO",75,36.4253,-89.6995
2014,"Portageville, MO",75,36.4253,-89.6995
2015,"Portageville, MO",75,36.4253,-89.6995
2016,"Portageville, MO",75,36.4253,-89.6995
2017,"Portageville, MO",75,36.4253,-89.6995
2018,"Portageville, MO",75,36.4253,-89.6995
2019,"Portageville, MO",75,36.4253,-89.6995
1989,"Poston, AZ",190,33.9906,-114.3963
1990,"Poston, AZ",190,33.9906,-114.3963
1991,"Poston, AZ",190,33.9906,-114.3963
1980,"Ridgley, TN",168,36.2634,-89.4879
1980,"Rocky Mount, NC",37,35.9382,-77.7905
1981,"Rocky Mount, NC",37,35.9382,-77.7905
1998,"Rocky Mount, NC",37,35.9382,-77.7905
1999,"Rocky Mount, NC",37,35.9382,-77.7905
2000,"Rocky Mount, NC",37,35.9382,-77.7905
2001,"Rocky Mount, NC",37,35.9382,-77.7905
2005,"Rocky Mount, NC",37,35.9382,-77.7905
2006,"Rocky Mount, NC",37,35.9382,-77.7905
2012,"Rocky Mount, NC",37,35.9382,-77.7905
2013,"Rocky Mount, NC",37,35.9382,-77.7905
2014,"Rocky Mount, NC",37,35.9382,-77.7905
2015,"Rocky Mount, NC",37,35.9382,-77.7905
2016,"Rocky Mount, NC",37,35.9382,-77.7905
2017,"Rocky Mount, NC",37,35.9382,-77.7905
2018,"Rocky Mount, NC",37,35.9382,-77.7905
2019,"Rocky Mount, NC",37,35.9382,-77.7905
1990,"Rohwer, AR",93,33.7609,-91.2757
1992,"Rohwer, AR",93,33.7609,-91.2757
1980,"Safford, AZ",46,32.834,-109.7076
1980,"Safford, AZ",179,32.834,-109.7076
1981,"Safford, AZ",46,32.834,-109.7076
1981,"Safford, AZ",179,32.834,-109.7076
1982,"Safford, AZ",46,32.834,-109.7076
1982,"Safford, AZ",179,32.834,-109.7076
1983,"Safford, AZ",46,32.834,-109.7076
1984,"Safford, AZ",46,32.834,-109.7076
1984,"Safford, AZ",160,32.834,-109.7076
1985,"Safford, AZ",160,32.834,-109.7076
1985,"Safford, AZ",185,32.834,-109.7076
1986,"Safford, AZ",46,32.834,-109.7076
1987,"Safford, AZ",46,32.834,-109.7076
1987,"Safford, AZ",160,32.834,-109.7076
1988,"Safford, AZ",160,32.834,-109.7076
1989,"Safford, AZ",160,32.834,-109.7076
1990,"Safford, AZ",46,32.834,-109.7076
1991,"Safford, AZ",46,32.834,-109.7076
1992,"Safford, AZ",160,32.834,-109.7076
1992,"Safford, AZ",6,32.834,-109.7076
1993,"Safford, AZ",160,32.834,-109.7076
1993,"Safford, AZ",6,32.834,-109.7076
1994,"Safford, AZ",6,32.834,-109.7076
1995,"Safford, AZ",160,32.834,-109.7076
1995,"Safford, AZ",6,32.834,-109.7076
1996,"Safford, AZ",160,32.834,-109.7076
1996,"Safford, AZ",6,32.834,-109.7076
1997,"Safford, AZ",160,32.834,-109.7076
1997,"Safford, AZ",6,32.834,-109.7076
1998,"Safford, AZ",160,32.834,-109.7076
1998,"Safford, AZ",6,32.834,-109.7076
1999,"Safford, AZ",6,32.834,-109.7076
2000,"Safford, AZ",6,32.834,-109.7076
2001,"Safford, AZ",160,32.834,-109.7076
1980,"Saint Joseph, LA",24,31.9184,-91.2335
1981,"Saint Joseph, LA",24,31.9184,-91.2335
1982,"Saint Joseph, LA",24,31.9184,-91.2335
1983,"Saint Joseph, LA",24,31.9184,-91.2335
1984,"Saint Joseph, LA",24,31.9184,-91.2335
1985,"Saint Joseph, LA",24,31.9184,-91.2335
1986,"Saint Joseph, LA",24,31.9184,-91.2335
1987,"Saint Joseph, LA",24,31.9184,-91.2335
1988,"Saint Joseph, LA",24,31.9184,-91.2335
1989,"Saint Joseph, LA",24,31.9184,-91.2335
1990,"Saint Joseph, LA",24,31.9184,-91.2335
1991,"Saint Joseph, LA",24,31.9184,-91.2335
1992,"Saint Joseph, LA",24,31.9184,-91.2335
1993,"Saint Joseph, LA",24,31.9184,-91.2335
1994,"Saint Joseph, LA",24,31.9184,-91.2335
1995,"Saint Joseph, LA",24,31.9184,-91.2335
1996,"Saint Joseph, LA",24,31.9184,-91.2335
1997,"Saint Joseph, LA",24,31.9184,-91.2335
1998,"Saint Joseph, LA",24,31.9184,-91.2335
2000,"Saint Joseph, LA",24,31.9184,-91.2335
2001,"Saint Joseph, LA",24,31.9184,-91.2335
2002,"Saint Joseph, LA",24,31.9184,-91.2335
2003,"Saint Joseph, LA",24,31.9184,-91.2335
2004,"Saint Joseph, LA",24,31.9184,-91.2335
2005,"Saint Joseph, LA",24,31.9184,-91.2335
2007,"Saint Joseph, LA",24,31.9184,-91.2335
2008,"Saint Joseph, LA",24,31.9184,-91.2335
2010,"Saint Joseph, LA",24,31.9184,-91.2335
2011,"Saint Joseph, LA",24,31.9184,-91.2335
2012,"Saint Joseph, LA",24,31.9184,-91.2335
2013,"Saint Joseph, LA",24,31.9184,-91.2335
2014,"Saint Joseph, LA",24,31.9184,-91.2335
2015,"Saint Joseph, LA",24,31.9184,-91.2335
2016,"Saint Joseph, LA",24,31.9184,-91.2335
2018,"Saint Joseph, LA",24,31.9184,-91.2335
2019,"Saint Joseph, LA",24,31.9184,-91.2335
1980,"Salome, AZ",173,33.7582,-113.6147
1982,"Salome, AZ",173,33.7582,-113.6147
1983,"Salome, AZ",173,33.7582,-113.6147
1984,"Salome, AZ",173,33.7582,-113.6147
1986,"Salome, AZ",173,33.7582,-113.6147
1981,"Sand Mountain, AL",32,32.8548,-86.9125
1981,"Shafter, CA",1,35.5005,-119.2718
1982,"Shafter, CA",1,35.5005,-119.2718
1983,"Shafter, CA",1,35.5005,-119.2718
1984,"Shafter, CA",1,35.5005,-119.2718
1985,"Shafter, CA",1,35.5005,-119.2718
1986,"Shafter, CA",1,35.5005,-119.2718
1987,"Shafter, CA",1,35.5005,-119.2718
1988,"Shafter, CA",1,35.5005,-119.2718
1989,"Shafter, CA",1,35.5005,-119.2718
1990,"Shafter, CA",1,35.5005,-119.2718
1991,"Shafter, CA",1,35.5005,-119.2718
1992,"Shafter, CA",1,35.5005,-119.2718
1993,"Shafter, CA",1,35.5005,-119.2718
1994,"Shafter, CA",1,35.5005,-119.2718
1995,"Shafter, CA",1,35.5005,-119.2718
1996,"Shafter, CA",1,35.5005,-119.2718
1997,"Shafter, CA",1,35.5005,-119.2718
1998,"Shafter, CA",1,35.5005,-119.2718
1999,"Shafter, CA",1,35.5005,-119.2718
2000,"Shafter, CA",1,35.5005,-119.2718
2002,"Shafter, CA",1,35.5005,-119.2718
1999,"Starkville, MS",24,33.4504,-88.8184
2001,"Starkville, MS",67,33.4504,-88.8184
2005,"Starkville, MS",67,33.4504,-88.8184
2006,"Starkville, MS",67,33.4504,-88.8184
2007,"Starkville, MS",67,33.4504,-88.8184
2008,"Starkville, MS",67,33.4504,-88.8184
2009,"Starkville, MS",67,33.4504,-88.8184
2010,"Starkville, MS",67,33.4504,-88.8184
2011,"Starkville, MS",67,33.4504,-88.8184
2012,"Starkville, MS",67,33.4504,-88.8184
2013,"Starkville, MS",67,33.4504,-88.8184
2014,"Starkville, MS",67,33.4504,-88.8184
2015,"Starkville, MS",67,33.4504,-88.8184
2016,"Starkville, MS",67,33.4504,-88.8184
2017,"Starkville, MS",67,33.4504,-88.8184
2018,"Starkville, MS",67,33.4504,-88.8184
2019,"Starkville, MS",67,33.4504,-88.8184
1980,"Stoneville, MS",25,33.424,-90.9151
1981,"Stoneville, MS",25,33.424,-90.9151
1982,"Stoneville, MS",25,33.424,-90.9151
1983,"Stoneville, MS",25,33.424,-90.9151
1984,"Stoneville, MS",25,33.424,-90.9151
1985,"Stoneville, MS",25,33.424,-90.9151
1986,"Stoneville, MS",25,33.424,-90.9151
1987,"Stoneville, MS",25,33.424,-90.9151
1988,"Stoneville, MS",25,33.424,-90.9151
1989,"Stoneville, MS",25,33.424,-90.9151
1990,"Stoneville, MS",25,33.424,-90.9151
1991,"Stoneville, MS",25,33.424,-90.9151
1992,"Stoneville, MS",25,33.424,-90.9151
1993,"Stoneville, MS",25,33.424,-90.9151
1994,"Stoneville, MS",25,33.424,-90.9151
1995,"Stoneville, MS",25,33.424,-90.9151
1996,"Stoneville, MS",25,33.424,-90.9151
1997,"Stoneville, MS",25,33.424,-90.9151
1998,"Stoneville, MS",25,33.424,-90.9151
1999,"Stoneville, MS",25,33.424,-90.9151
2000,"Stoneville, MS",25,33.424,-90.9151
2001,"Stoneville, MS",25,33.424,-90.9151
2002,"Stoneville, MS",25,33.424,-90.9151
2003,"Stoneville, MS",25,33.424,-90.9151
2004,"Stoneville, MS",25,33.424,-90.9151
2005,"Stoneville, MS",25,33.424,-90.9151
2006,"Stoneville, MS",25,33.424,-90.9151
2007,"Stoneville, MS",25,33.424,-90.9151
2008,"Stoneville, MS",25,33.424,-90.9151
2009,"Stoneville, MS",25,33.424,-90.9151
2010,"Stoneville, MS",25,33.424,-90.9151
2011,"Stoneville, MS",25,33.424,-90.9151
2012,"Stoneville, MS",25,33.424,-90.9151
2013,"Stoneville, MS",25,33.424,-90.9151
2014,"Stoneville, MS",25,33.424,-90.9151
2015,"Stoneville, MS",25,33.424,-90.9151
2016,"Stoneville, MS",25,33.424,-90.9151
2017,"Stoneville, MS",25,33.424,-90.9151
2018,"Stoneville, MS",25,33.424,-90.9151
2019,"Stoneville, MS",25,33.424,-90.9151
2005,"Suffolk, VA",166,36.7282,-76.5836
2006,"Suffolk, VA",166,36.7282,-76.5836
2007,"Suffolk, VA",166,36.7282,-76.5836
2008,"Suffolk, VA",166,36.7282,-76.5836
2009,"Suffolk, VA",166,36.7282,-76.5836
2010,"Suffolk, VA",166,36.7282,-76.5836
2012,"Suffolk, VA",166,36.7282,-76.5836
2014,"Suffolk, VA",166,36.7282,-76.5836
2015,"Suffolk, VA",166,36.7282,-76.5836
2016,"Suffolk, VA",166,36.7282,-76.5836
2017,"Suffolk, VA",166,36.7282,-76.5836
2018,"Suffolk, VA",166,36.7282,-76.5836
1982,"Thrall, TX",181,30.5905,-97.2969
1983,"Thrall, TX",181,30.5905,-97.2969
1984,"Thrall, TX",181,30.5905,-97.2969
1985,"Thrall, TX",181,30.5905,-97.2969
1986,"Thrall, TX",181,30.5905,-97.2969
1987,"Thrall, TX",181,30.5905,-97.2969
1988,"Thrall, TX",181,30.5905,-97.2969
1989,"Thrall, TX",181,30.5905,-97.2969
1990,"Thrall, TX",181,30.5905,-97.2969
1991,"Thrall, TX",181,30.5905,-97.2969
1992,"Thrall, TX",181,30.5905,-97.2969
1993,"Thrall, TX",181,30.5905,-97.2969
1994,"Thrall, TX",181,30.5905,-97.2969
1995,"Thrall, TX",181,30.5905,-97.2969
1997,"Thrall, TX",181,30.5905,-97.2969
1998,"Thrall, TX",181,30.5905,-97.2969
1999,"Thrall, TX",181,30.5905,-97.2969
2000,"Thrall, TX",181,30.5905,-97.2969
2001,"Thrall, TX",181,30.5905,-97.2969
2002,"Thrall, TX",181,30.5905,-97.2969
2003,"Thrall, TX",181,30.5905,-97.2969
2004,"Thrall, TX",181,30.5905,-97.2969
2005,"Thrall, TX",181,30.5905,-97.2969
2006,"Thrall, TX",181,30.5905,-97.2969
2007,"Thrall, TX",181,30.5905,-97.2969
2008,"Thrall, TX",181,30.5905,-97.2969
2009,"Thrall, TX",181,30.5905,-97.2969
2010,"Thrall, TX",181,30.5905,-97.2969
2011,"Thrall, TX",181,30.5905,-97.2969
2012,"Thrall, TX",181,30.5905,-97.2969
2013,"Thrall, TX",181,30.5905,-97.2969
2014,"Thrall, TX",181,30.5905,-97.2969
2015,"Thrall, TX",181,30.5905,-97.2969
2017,"Thrall, TX",181,30.5905,-97.2969
1980,"Tifton, GA",35,31.4505,-83.5085
1981,"Tifton, GA",35,31.4505,-83.5085
1987,"Tifton, GA",35,31.4505,-83.5085
1988,"Tifton, GA",35,31.4505,-83.5085
1989,"Tifton, GA",35,31.4505,-83.5085
1990,"Tifton, GA",35,31.4505,-83.5085
1991,"Tifton, GA",35,31.4505,-83.5085
1992,"Tifton, GA",35,31.4505,-83.5085
1993,"Tifton, GA",35,31.4505,-83.5085
1998,"Tifton, GA",35,31.4505,-83.5085
1999,"Tifton, GA",35,31.4505,-83.5085
2000,"Tifton, GA",35,31.4505,-83.5085
2001,"Tifton, GA",35,31.4505,-83.5085
2002,"Tifton, GA",35,31.4505,-83.5085
1992,"Tipton, OK",191,31.4505,-83.5085
1996,"Tipton, OK",191,31.4505,-83.5085
1997,"Tipton, OK",191,31.4505,-83.5085
1998,"Tipton, OK",191,31.4505,-83.5085
1999,"Tipton, OK",191,31.4505,-83.5085
2000,"Tipton, OK",191,31.4505,-83.5085
2001,"Tipton, OK",191,31.4505,-83.5085
2002,"Tipton, OK",191,31.4505,-83.5085
2003,"Tipton, OK",191,31.4505,-83.5085
2004,"Tipton, OK",191,31.4505,-83.5085
2005,"Tipton, OK",191,31.4505,-83.5085
2007,"Tipton, OK",191,31.4505,-83.5085
2008,"Tipton, OK",191,31.4505,-83.5085
2009,"Tipton, OK",191,31.4505,-83.5085
2012,"Tipton, OK",191,31.4505,-83.5085
2014,"Tipton, OK",191,31.4505,-83.5085
2018,"Tipton, OK",191,31.4505,-83.5085
1993,"Tranquility, CA",165,36.6488,-120.2527
1980,"Tunica, MS",26,34.6845,-90.3829
1981,"Tunica, MS",26,34.6845,-90.3829
2001,"Tunica, MS",26,34.6845,-90.3829
1981,"University Park, NM",7,32.2834,-106.7533
1982,"University Park, NM",7,32.2834,-106.7533
1983,"University Park, NM",7,32.2834,-106.7533
1984,"University Park, NM",7,32.2834,-106.7533
1985,"University Park, NM",7,32.2834,-106.7533
1986,"University Park, NM",7,32.2834,-106.7533
1987,"University Park, NM",7,32.2834,-106.7533
1988,"University Park, NM",7,32.2834,-106.7533
1989,"University Park, NM",7,32.2834,-106.7533
1990,"University Park, NM",7,32.2834,-106.7533
1991,"University Park, NM",7,32.2834,-106.7533
1992,"University Park, NM",7,32.2834,-106.7533
1993,"University Park, NM",7,32.2834,-106.7533
1994,"University Park, NM",7,32.2834,-106.7533
1995,"University Park, NM",7,32.2834,-106.7533
1996,"University Park, NM",7,32.2834,-106.7533
1997,"University Park, NM",7,32.2834,-106.7533
1998,"University Park, NM",7,32.2834,-106.7533
1999,"University Park, NM",7,32.2834,-106.7533
2000,"University Park, NM",7,32.2834,-106.7533
2001,"University Park, NM",7,32.2834,-106.7533
2005,"University Park, NM",7,32.2834,-106.7533
2008,"University Park, NM",7,32.2834,-106.7533
2010,"University Park, NM",7,32.2834,-106.7533
2011,"University Park, NM",7,32.2834,-106.7533
2012,"University Park, NM",7,32.2834,-106.7533
1980,"W Side Field Station, CA",132,36.3387,-120.1221
1981,"W Side Field Station, CA",132,36.3387,-120.1221
1982,"W Side Field Station, CA",132,36.3387,-120.1221
1983,"W Side Field Station, CA",132,36.3387,-120.1221
1984,"W Side Field Station, CA",132,36.3387,-120.1221
1985,"W Side Field Station, CA",132,36.3387,-120.1221
1986,"W Side Field Station, CA",132,36.3387,-120.1221
1987,"W Side Field Station, CA",132,36.3387,-120.1221
1988,"W Side Field Station, CA",132,36.3387,-120.1221
1989,"W Side Field Station, CA",132,36.3387,-120.1221
1990,"W Side Field Station, CA",132,36.3387,-120.1221
1991,"W Side Field Station, CA",132,36.3387,-120.1221
1992,"W Side Field Station, CA",132,36.3387,-120.1221
1993,"W Side Field Station, CA",132,36.3387,-120.1221
1994,"W Side Field Station, CA",132,36.3387,-120.1221
1995,"W Side Field Station, CA",132,36.3387,-120.1221
1996,"W Side Field Station, CA",132,36.3387,-120.1221
1997,"W Side Field Station, CA",132,36.3387,-120.1221
1998,"W Side Field Station, CA",132,36.3387,-120.1221
1999,"W Side Field Station, CA",132,36.3387,-120.1221
2000,"W Side Field Station, CA",132,36.3387,-120.1221
2002,"W Side Field Station, CA",132,36.33879,-120.11
1980,"Wenden, AZ",174,33.8225,-113.5416
1981,"Wenden, AZ",174,33.8225,-113.5416
1982,"Wenden, AZ",174,33.8225,-113.5416
1990,"Wenden, AZ",174,33.8225,-113.5416
1991,"Wenden, AZ",174,33.8225,-113.5416
1980,"Weslaco, TX",21,26.1595,-97.9908
1981,"Weslaco, TX",21,26.1595,-97.9908
1982,"Weslaco, TX",21,26.1595,-97.9908
1983,"Weslaco, TX",21,26.1595,-97.9908
1984,"Weslaco, TX",21,26.1595,-97.9908
1985,"Weslaco, TX",21,26.1595,-97.9908
1986,"Weslaco, TX",21,26.1595,-97.9908
1988,"Weslaco, TX",21,26.1595,-97.9908
1989,"Weslaco, TX",21,26.1595,-97.9908
1990,"Weslaco, TX",21,26.1595,-97.9908
1991,"Weslaco, TX",21,26.1595,-97.9908
1992,"Weslaco, TX",21,26.1595,-97.9908
1993,"Weslaco, TX",21,26.1595,-97.9908
1994,"Weslaco, TX",21,26.1595,-97.9908
1995,"Weslaco, TX",21,26.1595,-97.9908
1996,"Weslaco, TX",21,26.1595,-97.9908
1997,"Weslaco, TX",21,26.1595,-97.9908
1998,"Weslaco, TX",21,26.1595,-97.9908
1999,"Weslaco, TX",21,26.1595,-97.9908
2000,"Weslaco, TX",21,26.1595,-97.9908
2001,"Weslaco, TX",21,26.1595,-97.9908
2002,"Weslaco, TX",21,26.1595,-97.9908
2003,"Weslaco, TX",21,26.1595,-97.9908
2004,"Weslaco, TX",21,26.1595,-97.9908
2005,"Weslaco, TX",21,26.1595,-97.9908
2006,"Weslaco, TX",21,26.1595,-97.9908
2007,"Weslaco, TX",21,26.1595,-97.9908
2008,"Weslaco, TX",21,26.1595,-97.9908
2009,"Weslaco, TX",21,26.1595,-97.9908
2010,"Weslaco, TX",21,26.1595,-97.9908
2011,"Weslaco, TX",21,26.1595,-97.9908
2012,"Weslaco, TX",21,26.1595,-97.9908
2013,"Weslaco, TX",21,26.1595,-97.9908
2014,"Weslaco, TX",21,26.1595,-97.9908
2015,"Weslaco, TX",21,26.1595,-97.9908
2016,"Weslaco, TX",21,26.1595,-97.9908
2017,"Weslaco, TX",21,26.1595,-97.9908
2018,"Weslaco, TX",21,26.1595,-97.9908
2019,"Weslaco, TX",21,26.1595,-97.9908
1982,"Yuma, AZ",3,32.6927,-114.6277
1987,"Yuma, AZ",3,32.6927,-114.6277
1988,"Yuma, AZ",42,32.6927,-114.6277
1990,"Yuma, AZ",42,32.6927,-114.6277
1991,"Yuma, AZ",42,32.6927,-114.6277
1992,"Yuma, AZ",42,32.6927,-114.6277
1993,"Yuma, AZ",42,32.6927,-114.6277
